"","date","RT_sum","fav_sum","RT_avg","fav_avg","count","maxresponse","approve","disapprove","viral"
"1",2017-02-01,60583,252382,60583,252382,1,312965,44.79341,44.69287,"95"
"2",2017-02-02,241111,1042808,30138.875,130351,8,273921,44.81124,44.79839,"95"
"3",2017-02-03,268276,1106263,38325.1428571429,158037.571428571,7,249889,44.21341,47.06427,"90"
"4",2017-02-04,291103,1370895,32344.7777777778,152321.666666667,9,322036,44.23746,47.03533,"95"
"5",2017-02-05,133725,671274,22287.5,111879,6,221608,44.43742,47.4848,"NA"
"6",2017-02-06,160495,705010,26749.1666666667,117501.666666667,6,340518,44.42256,48.03367,"95"
"7",2017-02-07,117832,534056,23566.4,106811.2,5,238745,44.65995,48.71205,"90"
"8",2017-02-08,241568,1124028,21960.7272727273,102184.363636364,11,193620,44.50491,48.8634,"NA"
"9",2017-02-09,187485,875315,23435.625,109414.375,8,305062,44.34582,49.3256,"95"
"10",2017-02-10,81639,356367,27213,118789,3,200563,44.28156,49.35836,"NA"
"11",2017-02-11,139353,863381,15483.6666666667,95931.2222222222,9,235877,44.42348,49.29364,"90"
"12",2017-02-12,161655,813482,20206.875,101685.25,8,177908,44.30565,49.4447,"NA"
"13",2017-02-13,40660,244511,13553.3333333333,81503.6666666667,3,100828,43.46242,50.64742,"NA"
"14",2017-02-14,91482,459057,15247,76509.5,6,137906,44.47177,50.36843,"NA"
"15",2017-02-15,259443,991177,23585.7272727273,90107,11,164143,44.49281,50.23329,"NA"
"16",2017-02-16,131743,657803,21957.1666666667,109633.833333333,6,151452,44.57693,50.21927,"NA"
"17",2017-02-17,153317,761912,19164.625,95239,8,215022,44.46416,50.34889,"NA"
"18",2017-02-18,68413,384527,17103.25,96131.75,4,225094,44.31153,50.62162,"NA"
"19",2017-02-19,26224,112115,26224,112115,1,138339,44.10547,50.62915,"NA"
"20",2017-02-20,99441,489861,24860.25,122465.25,4,291321,43.83627,50.03596,"95"
"21",2017-02-21,65769,319131,21923,106377,3,144180,43.66503,50.16118,"NA"
"22",2017-02-22,28352,195970,14176,97985,2,132860,42.54541,50.79599,"NA"
"23",2017-02-23,10563,56246,10563,56246,1,66809,43.00062,49.79304,"NA"
"24",2017-02-24,100654,510786,16775.6666666667,85131,6,131432,43.10133,49.82072,"NA"
"25",2017-02-25,205912,872943,29416,124706.142857143,7,263850,42.99247,49.87163,"90"
"26",2017-02-26,81258,415491,20314.5,103872.75,4,137817,42.94234,49.97172,"NA"
"27",2017-02-27,30062,160141,15031,80070.5,2,104997,42.97042,50.10254,"NA"
"28",2017-02-28,11039,82888,11039,82888,1,93927,42.93886,50.21992,"NA"
"29",2017-03-01,44919,302549,14973,100849.666666667,3,211340,43.75505,49.75748,"NA"
"30",2017-03-02,37270,175684,37270,175684,1,212954,43.71027,49.87239,"NA"
"31",2017-03-03,278109,1130917,21393,86993.6153846154,13,204674,43.90226,49.85654,"NA"
"32",2017-03-04,261911,876769,37415.8571428571,125252.714285714,7,215172,43.90226,49.85654,"NA"
"33",2017-03-05,92413,394988,30804.3333333333,131662.666666667,3,202981,43.93693,49.72623,"NA"
"34",2017-03-06,76408,361685,19102,90421.25,4,141448,44.08371,49.29635,"NA"
"35",2017-03-07,157287,768373,19660.875,96046.625,8,148190,44.3455,48.89124,"NA"
"36",2017-03-08,105882,546486,17647,91081,6,144138,44.33974,49.15517,"NA"
"37",2017-03-09,47671,235193,15890.3333333333,78397.6666666667,3,132390,44.25294,49.22272,"NA"
"38",2017-03-10,8650,42988,8650,42988,1,51638,44.51029,49.00035,"NA"
"39",2017-03-11,16563,103623,16563,103623,1,120186,44.6835,48.83847,"NA"
"40",2017-03-12,NA,NA,NA,NA,0,0,44.76669,48.7696,NA
"41",2017-03-13,60700,318317,12140,63663.4,5,120113,44.53927,48.95186,"NA"
"42",2017-03-14,37082,162006,18541,81003,2,123730,44.29615,49.32653,"NA"
"43",2017-03-15,132889,611390,18984.1428571429,87341.4285714286,7,167642,43.732,49.82358,"NA"
"44",2017-03-16,79032,423264,13172,70544,6,103117,43.59192,50.67634,"NA"
"45",2017-03-17,52830,256163,13207.5,64040.75,4,110402,43.36182,50.8023,"NA"
"46",2017-03-18,40527,182202,20263.5,91101,2,116537,42.70947,51.48524,"NA"
"47",2017-03-19,7472,36626,7472,36626,1,44098,42.48279,51.70201,"NA"
"48",2017-03-20,119325,559760,17046.4285714286,79965.7142857143,7,115040,42.56183,51.57077,"NA"
"49",2017-03-21,50592,246213,12648,61553.25,4,90872,42.41769,51.82015,"NA"
"50",2017-03-22,13100,89890,13100,89890,1,102990,42.34076,51.67672,"NA"
"51",2017-03-23,90098,448482,18019.6,89696.4,5,140279,42.28773,51.76073,"NA"
"52",2017-03-24,59075,286263,14768.75,71565.75,4,109551,42.15625,52.08948,"NA"
"53",2017-03-25,68203,341364,17050.75,85341,4,138924,42.14841,52.09206,"NA"
"54",2017-03-26,15590,64422,15590,64422,1,80012,42.08798,52.08815,"NA"
"55",2017-03-27,21319,108475,21319,108475,1,129794,41.81089,52.25573,"NA"
"56",2017-03-28,159482,676408,15948.2,67640.8,10,132678,41.55795,52.38742,"NA"
"57",2017-03-29,54977,267798,13744.25,66949.5,4,118349,41.20364,52.53189,"NA"
"58",2017-03-30,84236,390861,9359.55555555555,43429,9,90670,40.63618,53.55639,"NA"
"59",2017-03-31,97595,447983,12199.375,55997.875,8,92493,40.48179,53.06938,"NA"
"60",2017-04-01,110948,443707,15849.7142857143,63386.7142857143,7,108602,40.54905,53.0927,"NA"
"61",2017-04-02,51352,236181,17117.3333333333,78727,3,104110,40.44848,53.17198,"NA"
"62",2017-04-03,152386,626348,19048.25,78293.5,8,138273,39.84783,53.59146,"NA"
"63",2017-04-04,27006,136232,9002,45410.6666666667,3,58471,40.01525,53.67127,"NA"
"64",2017-04-05,13159,67325,13159,67325,1,80484,40.66016,53.16607,"NA"
"65",2017-04-06,33767,144125,16883.5,72062.5,2,106555,40.41075,53.69882,"NA"
"66",2017-04-07,NA,NA,NA,NA,0,0,40.38835,53.89001,NA
"67",2017-04-08,75422,414178,15084.4,82835.6,5,162622,40.40128,53.86125,"NA"
"68",2017-04-09,25997,134250,12998.5,67125,2,93210,40.41701,53.82942,"NA"
"69",2017-04-10,47031,240826,15677,80275.3333333333,3,106051,40.87731,53.21894,"NA"
"70",2017-04-11,93458,320186,23364.5,80046.5,4,189419,41.51326,52.52065,"NA"
"71",2017-04-12,79658,419013,13276.3333333333,69835.5,6,113243,41.64417,52.36113,"NA"
"72",2017-04-13,96496,439881,24124,109970.25,4,170852,41.44421,52.70598,"NA"
"73",2017-04-14,7089,33563,7089,33563,1,40652,41.27088,51.87616,"NA"
"74",2017-04-15,NA,NA,NA,NA,0,0,41.23275,51.88008,NA
"75",2017-04-16,110103,529906,22020.6,105981.2,5,226994,41.34031,51.77214,"NA"
"76",2017-04-17,98770,436430,14110,62347.1428571429,7,102095,41.62966,51.48813,"NA"
"77",2017-04-18,89537,384159,12791,54879.8571428571,7,90291,41.70159,51.38246,"NA"
"78",2017-04-19,54488,252289,13622,63072.25,4,92452,41.92009,51.80953,"NA"
"79",2017-04-20,47604,220190,11901,55047.5,4,100661,42.02447,52.04146,"NA"
"80",2017-04-21,67414,290714,16853.5,72678.5,4,95600,41.89439,52.33761,"NA"
"81",2017-04-22,92350,462221,13192.8571428571,66031.5714285714,7,107402,41.88213,52.33886,"NA"
"82",2017-04-23,89291,409404,12755.8571428571,58486.2857142857,7,80731,41.63386,52.87494,"NA"
"83",2017-04-24,65447,319698,9349.57142857143,45671.1428571429,7,85186,41.76186,52.74255,"NA"
"84",2017-04-25,63801,276742,12760.2,55348.4,5,126291,41.42433,52.85545,"NA"
"85",2017-04-26,110053,482568,12228.1111111111,53618.6666666667,9,102970,41.98724,52.19347,"NA"
"86",2017-04-27,150479,651292,12539.9166666667,54274.3333333333,12,87749,42.1408,52.32465,"NA"
"87",2017-04-28,44394,201124,14798,67041.3333333333,3,108658,41.9548,52.67693,"NA"
"88",2017-04-29,45369,212117,15123,70705.6666666667,3,99920,41.99678,52.56797,"NA"
"89",2017-04-30,69384,338122,13876.8,67624.4,5,119408,41.98776,52.59581,"NA"
"90",2017-05-01,15244,73550,7622,36775,2,45428,41.87309,52.76786,"NA"
"91",2017-05-02,47067,210453,11766.75,52613.25,4,83867,41.99481,52.65896,"NA"
"92",2017-05-03,54701,234451,13675.25,58612.75,4,101759,42.38294,51.87002,"NA"
"93",2017-05-04,101431,436953,11270.1111111111,48550.3333333333,9,92506,42.42966,51.85018,"NA"
"94",2017-05-05,119160,570926,11916,57092.6,10,82915,42.33636,51.93982,"NA"
"95",2017-05-06,11079,63688,11079,63688,1,74767,42.17928,52.08133,"NA"
"96",2017-05-07,64704,254340,16176,63585,4,103637,42.13611,52.09691,"NA"
"97",2017-05-08,116942,469506,12993.5555555556,52167.3333333333,9,85212,42.16862,52.08101,"NA"
"98",2017-05-09,19881,97331,9940.5,48665.5,2,63016,41.93328,52.1669,"NA"
"99",2017-05-10,170645,659674,18960.5555555556,73297.1111111111,9,126690,41.21492,52.84939,"NA"
"100",2017-05-11,140875,453597,23479.1666666667,75599.5,6,165645,41.15792,52.87853,"NA"
"101",2017-05-12,170309,690372,18923.2222222222,76708,9,156782,41.12946,52.89473,"NA"
"102",2017-05-13,34977,165563,8744.25,41390.75,4,87976,41.08303,52.949,"NA"
"103",2017-05-14,21966,135259,21966,135259,1,157225,40.63778,53.41823,"NA"
"104",2017-05-15,11326,55356,11326,55356,1,66682,40.50564,53.57767,"NA"
"105",2017-05-16,108190,436968,18031.6666666667,72828,6,100875,39.90671,54.10234,"NA"
"106",2017-05-17,13549,69370,13549,69370,1,82919,39.6813,54.27899,"NA"
"107",2017-05-18,91830,326985,22957.5,81746.25,4,160473,39.45036,54.28648,"NA"
"108",2017-05-19,40612,201046,13537.3333333333,67015.3333333333,3,128778,38.86071,54.87609,"NA"
"109",2017-05-20,117398,183428,58699,91714,2,202335,38.80148,54.87124,"NA"
"110",2017-05-21,29619,105991,14809.5,52995.5,2,80656,38.83015,54.86396,"NA"
"111",2017-05-22,13640,67115,13640,67115,1,80755,38.78198,54.95404,"NA"
"112",2017-05-23,87056,391964,21764,97991,4,176555,39.14797,54.91948,"NA"
"113",2017-05-24,36158,168589,18079,84294.5,2,135898,38.99393,54.72712,"NA"
"114",2017-05-25,37974,178907,12658,59635.6666666667,3,90155,39.05955,54.67347,"NA"
"115",2017-05-26,57458,273700,14364.5,68425,4,95402,39.28042,54.5595,"NA"
"116",2017-05-27,84624,405731,12089.1428571429,57961.5714285714,7,117286,39.27729,54.57211,"NA"
"117",2017-05-28,122727,583118,10227.25,48593.1666666667,12,97985,39.3673,54.49165,"NA"
"118",2017-05-29,137319,609551,22886.5,101591.833333333,6,188700,39.3634,54.5243,"NA"
"119",2017-05-30,64557,255775,21519,85258.3333333333,3,112505,39.21078,54.80099,"NA"
"120",2017-05-31,341536,928518,37948.4444444444,103168.666666667,9,295098,39.14719,54.78027,"95"
"121",2017-06-01,103140,423196,20628,84639.2,5,145974,39.11364,54.811,"NA"
"122",2017-06-02,65484,244894,32742,122447,2,214446,39.10624,54.85807,"NA"
"123",2017-06-03,132166,498739,44055.3333333333,166246.333333333,3,331877,38.9981,54.95428,"95"
"124",2017-06-04,190640,579015,63546.6666666667,193005,3,322950,38.89021,55.1037,"95"
"125",2017-06-05,145922,602356,18240.25,75294.5,8,126498,38.99826,55.00614,"NA"
"126",2017-06-06,299030,736268,37378.75,92033.5,8,166344,38.60328,55.67593,"NA"
"127",2017-06-07,83139,380417,16627.8,76083.4,5,129165,38.28024,55.87093,"NA"
"128",2017-06-08,NA,NA,NA,NA,0,0,38.24259,55.77963,NA
"129",2017-06-09,118121,506820,19686.8333333333,84470,6,164081,38.04195,55.96476,"NA"
"130",2017-06-10,41686,174932,20843,87466,2,116499,38.12778,55.87754,"NA"
"131",2017-06-11,98698,396680,24674.5,99170,4,142205,38.09373,55.9653,"NA"
"132",2017-06-12,89226,430663,14871,71777.1666666667,6,113174,38.29467,55.58596,"NA"
"133",2017-06-13,164999,680291,18333.2222222222,75587.8888888889,9,124057,38.25534,55.78836,"NA"
"134",2017-06-14,74969,372848,24989.6666666667,124282.666666667,3,175414,38.3791,55.65119,"NA"
"135",2017-06-15,236246,866378,33749.4285714286,123768.285714286,7,236776,38.38903,55.9732,"90"
"136",2017-06-16,165054,675605,23579.1428571429,96515,7,200906,38.66948,55.51431,"NA"
"137",2017-06-17,41436,191153,20718,95576.5,2,126358,38.7223,55.40695,"NA"
"138",2017-06-18,80372,403996,20093,100999,4,127538,38.73221,55.37252,"NA"
"139",2017-06-19,111962,457747,10178.3636363636,41613.3636363636,11,107902,38.71433,55.33969,"NA"
"140",2017-06-20,94220,381696,18844,76339.2,5,103388,38.62213,55.34938,"NA"
"141",2017-06-21,159452,773522,17716.8888888889,85946.8888888889,9,167088,38.40358,55.77647,"NA"
"142",2017-06-22,248218,997171,19093.6923076923,76705.4615384615,13,186989,38.74978,55.69723,"NA"
"143",2017-06-23,71426,349420,14285.2,69884,5,147361,39.77451,55.08252,"NA"
"144",2017-06-24,162714,612443,27119,102073.833333333,6,209634,39.66325,55.09979,"NA"
"145",2017-06-25,31451,137079,15725.5,68539.5,2,134197,39.58413,55.20745,"NA"
"146",2017-06-26,151980,623893,21711.4285714286,89127.5714285714,7,176362,39.46778,55.20918,"NA"
"147",2017-06-27,176340,713958,25191.4285714286,101994,7,158649,38.71787,55.64397,"NA"
"148",2017-06-28,114836,498026,14354.5,62253.25,8,110622,39.3798,54.28488,"NA"
"149",2017-06-29,224361,948336,17258.5384615385,72948.9230769231,13,124551,39.93516,54.1336,"NA"
"150",2017-06-30,146187,606306,20883.8571428571,86615.1428571429,7,152683,39.60293,54.33164,"NA"
"151",2017-07-01,292488,1176332,26589.8181818182,106939.272727273,11,255436,39.58723,54.34242,"90"
"152",2017-07-02,459705,982431,114926.25,245607.75,4,974628,39.51341,54.3523,"99"
"153",2017-07-03,193640,859662,21515.5555555556,95518,9,162924,39.52999,54.39137,"NA"
"154",2017-07-04,170225,682989,34045,136597.8,5,200588,39.41248,54.46843,"NA"
"155",2017-07-05,129404,609046,25880.8,121809.2,5,252752,39.03904,54.90335,"90"
"156",2017-07-06,112439,429922,28109.75,107480.5,4,171909,39.00697,54.95916,"NA"
"157",2017-07-07,160641,711462,22948.7142857143,101637.428571429,7,170902,39.01347,55.12906,"NA"
"158",2017-07-08,79964,376952,19991,94238,4,126321,39.03389,55.08215,"NA"
"159",2017-07-09,233270,994741,21206.3636363636,90431,11,137309,39.08517,55.06653,"NA"
"160",2017-07-10,117797,503468,23559.4,100693.6,5,142188,39.12117,55.04463,"NA"
"161",2017-07-11,100070,457271,25017.5,114317.75,4,158613,39.24297,55.10878,"NA"
"162",2017-07-12,260498,1099254,21708.1666666667,91604.5,12,157355,39.29457,54.95346,"NA"
"163",2017-07-13,52467,265055,13116.75,66263.75,4,91448,39.25278,55.00865,"NA"
"164",2017-07-14,133366,671079,12124.1818181818,61007.1818181818,11,97845,39.14643,55.23926,"NA"
"165",2017-07-15,113591,583577,14198.875,72947.125,8,135536,39.09839,55.3304,"NA"
"166",2017-07-16,145665,685937,18208.125,85742.125,8,182181,38.60715,55.70111,"NA"
"167",2017-07-17,43515,240546,14505,80182,3,123023,38.81894,55.38853,"NA"
"168",2017-07-18,98572,418662,19714.4,83732.4,5,143084,38.72128,55.6564,"NA"
"169",2017-07-19,89090,375873,22272.5,93968.25,4,136596,38.71251,55.67002,"NA"
"170",2017-07-20,63733,267034,21244.3333333333,89011.3333333333,3,156896,38.6458,55.76773,"NA"
"171",2017-07-21,77174,330315,11024.8571428571,47187.8571428571,7,84717,38.3734,55.72233,"NA"
"172",2017-07-22,264162,1117193,18868.7142857143,79799.5,14,143296,38.41841,55.68146,"NA"
"173",2017-07-23,98116,404153,24529,101038.25,4,169360,38.4932,55.55575,"NA"
"174",2017-07-24,192667,734214,21407.4444444444,81579.3333333333,9,150493,39.05289,55.13695,"NA"
"175",2017-07-25,296851,1217931,15623.7368421053,64101.6315789474,19,114291,38.38955,55.60064,"NA"
"176",2017-07-26,263141,980979,23921.9090909091,89179.9090909091,11,186534,38.54961,55.35145,"NA"
"177",2017-07-27,98798,470667,14114,67238.1428571429,7,114191,38.54928,55.34732,"NA"
"178",2017-07-28,148613,649068,16512.5555555556,72118.6666666667,9,120879,38.35725,55.68452,"NA"
"179",2017-07-29,287878,1161708,20562.7142857143,82979.1428571429,14,135821,38.38412,55.72515,"NA"
"180",2017-07-30,25010,106525,25010,106525,1,131535,38.35231,55.75294,"NA"
"181",2017-07-31,91345,380475,30448.3333333333,126825,3,166454,38.20862,56.1893,"NA"
"182",2017-08-01,74081,327242,24693.6666666667,109080.666666667,3,173948,37.76429,56.74495,"NA"
"183",2017-08-02,61161,268746,15290.25,67186.5,4,98984,37.04735,57.46737,"NA"
"184",2017-08-03,146790,642128,18348.75,80266,8,170676,37.01992,57.37531,"NA"
"185",2017-08-04,129186,610714,16148.25,76339.25,8,143922,36.91279,57.43717,"NA"
"186",2017-08-05,135733,594099,19390.4285714286,84871.2857142857,7,135892,36.95828,57.26429,"NA"
"187",2017-08-06,34426,113900,34426,113900,1,148326,36.98021,57.27692,"NA"
"188",2017-08-07,275024,1215854,18334.9333333333,81056.9333333333,15,145789,36.60229,57.36718,"NA"
"189",2017-08-08,88920,380389,22230,95097.25,4,137046,36.90808,57.43502,"NA"
"190",2017-08-09,123546,513370,24709.2,102674,5,161725,36.86343,57.23425,"NA"
"191",2017-08-10,94494,395967,23623.5,98991.75,4,154464,36.93701,57.06971,"NA"
"192",2017-08-11,98858,351655,24714.5,87913.75,4,236812,37.56736,56.34317,"90"
"193",2017-08-12,204984,829045,22776,92116.1111111111,9,255092,37.62228,56.35921,"90"
"194",2017-08-13,NA,NA,NA,NA,0,0,37.57039,56.46309,NA
"195",2017-08-14,137733,651234,17216.625,81404.25,8,163267,37.39813,56.64359,"NA"
"196",2017-08-15,72852,360299,14570.4,72059.8,5,142843,37.63694,55.55735,"NA"
"197",2017-08-16,182902,800777,18290.2,80077.7,10,228136,37.33916,55.03362,"NA"
"198",2017-08-17,325796,1268573,27149.6666666667,105714.416666667,12,288331,37.85554,54.9286,"95"
"199",2017-08-18,128060,572160,21343.3333333333,95360,6,182507,37.79533,55.39618,"NA"
"200",2017-08-19,211024,985411,21102.4,98541.1,10,191392,37.79533,55.39618,"NA"
"201",2017-08-20,28832,130525,28832,130525,1,159357,37.72692,55.43607,"NA"
"202",2017-08-21,57633,249452,19211,83150.6666666667,3,107783,37.05765,56.54782,"NA"
"203",2017-08-22,92250,447410,13178.5714285714,63915.7142857143,7,106397,36.81282,57.00314,"NA"
"204",2017-08-23,177160,759041,17716,75904.1,10,126187,36.92514,56.83273,"NA"
"205",2017-08-24,157747,660254,11267.6428571429,47161,14,132698,37.01527,56.76907,"NA"
"206",2017-08-25,172335,808116,14361.25,67343,12,125277,36.91675,57.15396,"NA"
"207",2017-08-26,147258,692271,18407.25,86533.875,8,185017,36.93331,57.17996,"NA"
"208",2017-08-27,183145,876887,16649.5454545455,79717,11,135908,36.92144,57.19756,"NA"
"209",2017-08-28,NA,NA,NA,NA,0,0,36.92813,57.2124,NA
"210",2017-08-29,39444,224012,19722,112006,2,165785,36.82207,57.44258,"NA"
"211",2017-08-30,109207,522895,21841.4,104579,5,143658,37.31853,57.14878,"NA"
"212",2017-08-31,54804,224596,27402,112298,2,154827,37.22177,57.22581,"NA"
"213",2017-09-01,136858,578815,19551.1428571429,82687.8571428571,7,180307,37.3336,57.26038,"NA"
"214",2017-09-02,71421,351383,17855.25,87845.75,4,136251,37.28516,57.30523,"NA"
"215",2017-09-03,277355,1095697,27735.5,109569.7,10,218576,37.35038,57.18285,"NA"
"216",2017-09-04,27290,120986,27290,120986,1,148276,37.50347,56.98285,"NA"
"217",2017-09-05,110012,433387,27503,108346.75,4,158719,37.76652,56.80103,"NA"
"218",2017-09-06,102227,517934,14603.8571428571,73990.5714285714,7,116854,38.21691,56.44203,"NA"
"219",2017-09-07,119989,500509,13332.1111111111,55612.1111111111,9,99056,38.37829,56.37593,"NA"
"220",2017-09-08,144067,594164,18008.375,74270.5,8,121729,38.68817,55.95134,"NA"
"221",2017-09-09,60431,241610,20143.6666666667,80536.6666666667,3,156716,38.76101,55.89272,"NA"
"222",2017-09-10,36435,171241,18217.5,85620.5,2,151460,38.75933,55.87571,"NA"
"223",2017-09-11,55884,215850,27942,107925,2,170569,38.71809,55.95098,"NA"
"224",2017-09-12,69835,356799,17458.75,89199.75,4,131793,38.1081,56.23722,"NA"
"225",2017-09-13,52867,261759,17622.3333333333,87253,3,113919,38.20712,55.90915,"NA"
"226",2017-09-14,212751,968660,16365.4615384615,74512.3076923077,13,140330,38.48572,55.55937,"NA"
"227",2017-09-15,277427,1142237,19816.2142857143,81588.3571428571,14,149985,38.85391,54.70395,"NA"
"228",2017-09-16,34698,176433,11566,58811,3,99441,38.79293,54.80883,"NA"
"229",2017-09-17,88653,375179,17730.6,75035.8,5,192065,38.79023,54.70402,"NA"
"230",2017-09-18,56689,277173,11337.8,55434.6,5,87801,38.90175,54.57581,"NA"
"231",2017-09-19,154698,615607,19337.25,76950.875,8,244335,38.85189,54.49646,"90"
"232",2017-09-20,219199,1046521,11536.7894736842,55080.0526315789,19,143587,39.06307,53.5909,"NA"
"233",2017-09-21,92705,467454,10300.5555555556,51939.3333333333,9,86766,39.45935,53.5658,"NA"
"234",2017-09-22,152073,668753,16897,74305.8888888889,9,172273,39.49464,54.0083,"NA"
"235",2017-09-23,352325,1399147,27101.9230769231,107626.692307692,13,279158,39.44529,54.00235,"95"
"236",2017-09-24,307309,1306720,34145.4444444444,145191.111111111,9,252154,39.59408,54.24086,"90"
"237",2017-09-25,272042,1094535,34005.25,136816.875,8,281812,39.6704,54.32408,"95"
"238",2017-09-26,229372,1067248,11468.6,53362.4,20,136203,38.92197,54.60735,"NA"
"239",2017-09-27,188366,858144,15697.1666666667,71512,12,190089,38.79216,54.94124,"NA"
"240",2017-09-28,93052,435388,15508.6666666667,72564.6666666667,6,104231,38.82832,55.08244,"NA"
"241",2017-09-29,125051,580382,11368.2727272727,52762,11,113291,38.62467,55.41434,"NA"
"242",2017-09-30,328907,1387044,15662.2380952381,66049.7142857143,21,151870,38.61241,55.40293,"NA"
"243",2017-10-01,167344,709382,23906.2857142857,101340.285714286,7,236626,38.66099,55.35896,"90"
"244",2017-10-02,87628,387487,43814,193743.5,2,393220,38.52001,55.43917,"95"
"245",2017-10-03,76598,385597,19149.5,96399.25,4,255429,38.61701,55.51572,"90"
"246",2017-10-04,161704,770177,20213,96272.125,8,195687,38.92259,55.54972,"NA"
"247",2017-10-05,128346,601007,21391,100167.833333333,6,193950,38.81237,55.61481,"NA"
"248",2017-10-06,25717,92535,25717,92535,1,118252,38.1001,56.47272,"NA"
"249",2017-10-07,169627,833507,14135.5833333333,69458.9166666667,12,112176,38.13292,56.40413,"NA"
"250",2017-10-08,141024,668671,15669.3333333333,74296.7777777778,9,163290,38.10051,56.43702,"NA"
"251",2017-10-09,58770,286033,19590,95344.3333333333,3,130102,38.02188,56.38805,"NA"
"252",2017-10-10,172787,775213,19198.5555555556,86134.7777777778,9,200673,37.45793,56.69799,"NA"
"253",2017-10-11,211389,1006151,15099.2142857143,71867.9285714286,14,133247,37.7519,56.08387,"NA"
"254",2017-10-12,130803,601018,13080.3,60101.8,10,108308,37.85408,56.02977,"NA"
"255",2017-10-13,192876,816797,16073,68066.4166666667,12,116149,37.6958,56.14555,"NA"
"256",2017-10-14,127004,598062,15875.5,74757.75,8,141444,37.62886,55.9846,"NA"
"257",2017-10-15,27758,138341,13879,69170.5,2,92440,37.66046,55.95942,"NA"
"258",2017-10-16,134187,600391,19169.5714285714,85770.1428571429,7,187120,38.14785,55.5671,"NA"
"259",2017-10-17,112615,464350,14076.875,58043.75,8,135668,37.98654,55.80103,"NA"
"260",2017-10-18,279754,1123251,16456.1176470588,66073.5882352941,17,126144,38.07331,55.5466,"NA"
"261",2017-10-19,134482,487945,22413.6666666667,81324.1666666667,6,160817,37.96664,55.79045,"NA"
"262",2017-10-20,168774,736018,15343.0909090909,66910.7272727273,11,139100,37.84346,56.00579,"NA"
"263",2017-10-21,259625,1005787,23602.2727272727,91435.1818181818,11,284786,37.86096,55.98836,"95"
"264",2017-10-22,93795,442775,18759,88555,5,153748,37.85255,55.94585,"NA"
"265",2017-10-23,85530,399472,21382.5,99868,4,143359,37.48936,56.38719,"NA"
"266",2017-10-24,121923,559007,15240.375,69875.875,8,119197,37.1561,56.73306,"NA"
"267",2017-10-25,180549,797553,13888.3846153846,61350.2307692308,13,159833,37.07568,56.91793,"NA"
"268",2017-10-26,113230,527523,14153.75,65940.375,8,162291,37.46911,56.71981,"NA"
"269",2017-10-27,173980,798063,11598.6666666667,53204.2,15,131434,37.30399,56.69308,"NA"
"270",2017-10-28,199921,863279,18174.6363636364,78479.9090909091,11,158390,37.29323,56.74607,"NA"
"271",2017-10-29,137953,548500,22992.1666666667,91416.6666666667,6,145569,37.26856,57.08418,"NA"
"272",2017-10-30,101653,372459,25413.25,93114.75,4,159490,37.26442,57.09366,"NA"
"273",2017-10-31,221952,930202,15853.7142857143,66443,14,180185,37.24255,57.15416,"NA"
"274",2017-11-01,250154,1043920,16676.9333333333,69594.6666666667,15,187809,37.75723,56.76285,"NA"
"275",2017-11-02,213369,961821,15240.6428571429,68701.5,14,216965,37.97559,56.40167,"NA"
"276",2017-11-03,407848,1687375,20392.4,84368.75,20,176284,37.8332,56.58921,"NA"
"277",2017-11-04,90110,376958,22527.5,94239.5,4,197461,37.88012,56.50428,"NA"
"278",2017-11-05,120370,574236,20061.6666666667,95706,6,229070,37.78851,56.69604,"NA"
"279",2017-11-06,246521,594290,35217.2857142857,84898.5714285714,7,218992,37.69767,56.73272,"NA"
"280",2017-11-07,111566,497377,12396.2222222222,55264.1111111111,9,92776,37.55069,56.80687,"NA"
"281",2017-11-08,183618,806865,15301.5,67238.75,12,169521,37.58189,56.68189,"NA"
"282",2017-11-09,84308,406521,21077,101630.25,4,165267,37.65916,56.5921,"NA"
"283",2017-11-10,101719,472650,11302.1111111111,52516.6666666667,9,127358,37.85893,56.11641,"NA"
"284",2017-11-11,69409,313485,17352.25,78371.25,4,150320,37.91284,56.08043,"NA"
"285",2017-11-12,390006,1166364,48750.75,145795.5,8,888993,37.98497,55.9723,"99"
"286",2017-11-13,51777,264765,12944.25,66191.25,4,94381,38.07273,55.89657,"NA"
"287",2017-11-14,117412,561356,14676.5,70169.5,8,106350,38.05358,55.78141,"NA"
"288",2017-11-15,182328,873224,16575.2727272727,79384,11,208787,38.08255,55.61642,"NA"
"289",2017-11-16,121040,580379,17291.4285714286,82911.2857142857,7,125376,38.12582,55.66437,"NA"
"290",2017-11-17,124412,543832,17773.1428571429,77690.2857142857,7,121565,38.07958,55.4835,"NA"
"291",2017-11-18,74922,320463,37461,160231.5,2,243345,38.19148,55.45759,"90"
"292",2017-11-19,137481,548220,34370.25,137055,4,352473,38.1493,55.70245,"95"
"293",2017-11-20,107222,462923,26805.5,115730.75,4,194944,38.11539,55.75067,"NA"
"294",2017-11-21,29478,139772,14739,69886,2,90168,38.16841,56.02618,"NA"
"295",2017-11-22,161865,728365,20233.125,91045.625,8,200019,38.41062,55.54749,"NA"
"296",2017-11-23,159896,720581,19987,90072.625,8,251990,38.42519,55.50383,"90"
"297",2017-11-24,173599,774356,21699.875,96794.5,8,210454,38.42519,55.50383,"NA"
"298",2017-11-25,90842,352813,18168.4,70562.6,5,148929,38.44119,55.45301,"NA"
"299",2017-11-26,79282,336806,26427.3333333333,112268.666666667,3,189827,38.39222,55.54683,"NA"
"300",2017-11-27,88362,385031,22090.5,96257.75,4,195600,38.3837,55.51948,"NA"
"301",2017-11-28,124275,584147,13808.3333333333,64905.2222222222,9,131662,38.24538,55.60558,"NA"
"302",2017-11-29,241357,1050223,15084.8125,65638.9375,16,128079,38.42575,55.55772,"NA"
"303",2017-11-30,278352,1069330,18556.8,71288.6666666667,15,167889,38.16322,55.75873,"NA"
"304",2017-12-01,246055,909520,30756.875,113690,8,204338,38.00967,55.9007,"NA"
"305",2017-12-02,104624,414865,26156,103716.25,4,156646,37.90633,56.05219,"NA"
"306",2017-12-03,295149,1076404,29514.9,107640.4,10,188635,37.89624,56.08004,"NA"
"307",2017-12-04,84248,360070,21062,90017.5,4,123899,37.86093,56.09463,"NA"
"308",2017-12-05,27464,118931,13732,59465.5,2,82351,37.90712,56.05267,"NA"
"309",2017-12-06,115933,439111,28983.25,109777.75,4,238000,37.84785,55.80183,"90"
"310",2017-12-07,93290,426365,15548.3333333333,71060.8333333333,6,130199,37.27071,56.42054,"NA"
"311",2017-12-08,165566,641667,20695.75,80208.375,8,209203,37.28476,56.4149,"NA"
"312",2017-12-09,237335,1014281,16952.5,72448.6428571429,14,185520,37.26849,56.41706,"NA"
"313",2017-12-10,113353,469170,28338.25,117292.5,4,160965,37.12042,56.69955,"NA"
"314",2017-12-11,34018,138768,34018,138768,1,172786,37.07095,56.75324,"NA"
"315",2017-12-12,120828,486539,24165.6,97307.8,5,186042,37.17878,57.00034,"NA"
"316",2017-12-13,103575,507378,20715,101475.6,5,149554,36.66145,56.84941,"NA"
"317",2017-12-14,100488,424669,16748,70778.1666666667,6,115008,37.07505,56.79411,"NA"
"318",2017-12-15,59635,273039,14908.75,68259.75,4,96583,36.45856,57.43106,"NA"
"319",2017-12-16,78118,356302,15623.6,71260.4,5,133096,36.40314,57.50006,"NA"
"320",2017-12-17,29533,149409,14766.5,74704.5,2,103963,37.00387,57.35746,"NA"
"321",2017-12-18,175520,832175,13501.5384615385,64013.4615384615,13,130353,37.21277,56.7984,"NA"
"322",2017-12-19,106177,476686,21235.4,95337.2,5,153043,37.10143,57.38179,"NA"
"323",2017-12-20,129321,562407,21553.5,93734.5,6,172999,37.20605,56.98474,"NA"
"324",2017-12-21,98571,448290,19714.2,89658,5,137539,37.0453,57.23926,"NA"
"325",2017-12-22,218398,1006720,19854.3636363636,91520,11,150606,37.14611,57.08867,"NA"
"326",2017-12-23,113617,447175,22723.4,89435,5,157529,37.25974,57.0198,"NA"
"327",2017-12-24,86195,351390,28731.6666666667,117130,3,173519,37.3656,56.87848,"NA"
"328",2017-12-25,173950,787074,43487.5,196768.5,4,287423,37.3656,56.87848,"95"
"329",2017-12-26,81628,360445,27209.3333333333,120148.333333333,3,156103,37.38361,56.89546,"NA"
"330",2017-12-27,30592,147134,15296,73567,2,127078,37.53883,56.67389,"NA"
"331",2017-12-28,150856,593344,21550.8571428571,84763.4285714286,7,156960,37.73159,56.41101,"NA"
"332",2017-12-29,151973,563194,37993.25,140798.5,4,270080,37.71204,56.31897,"90"
"333",2017-12-30,199000,681911,33166.6666666667,113651.833333333,6,246096,37.73003,56.24842,"90"
"334",2017-12-31,230915,916477,25657.2222222222,101830.777777778,9,198693,37.8654,56.16106,"NA"
"335",2018-01-01,NA,NA,NA,NA,0,0,37.8654,56.16106,NA
"336",2018-01-02,NA,NA,NA,NA,0,0,38.12047,55.82487,NA
"337",2018-01-03,NA,NA,NA,NA,0,0,38.16097,55.69035,NA
"338",2018-01-04,NA,NA,NA,NA,0,0,38.47328,55.33284,NA
"339",2018-01-05,NA,NA,NA,NA,0,0,38.82547,54.96257,NA
"340",2018-01-06,NA,NA,NA,NA,0,0,38.82547,54.96257,NA
"341",2018-01-07,NA,NA,NA,NA,0,0,38.82547,54.96257,NA
"342",2018-01-08,NA,NA,NA,NA,0,0,38.69312,55.00991,NA
"343",2018-01-09,19481,82151,19481,82151,1,101632,38.73449,55.00918,"NA"
"344",2018-01-10,188835,821099,18883.5,82109.9,10,148353,39.22063,54.60398,"NA"
"345",2018-01-11,155687,694973,19460.875,86871.625,8,213228,39.10347,54.63946,"NA"
"346",2018-01-12,346042,1443752,24717.2857142857,103125.142857143,14,175456,39.10097,54.52315,"NA"
"347",2018-01-13,146905,650333,24484.1666666667,108388.833333333,6,190656,39.10097,54.52315,"NA"
"348",2018-01-14,151460,665596,25243.3333333333,110932.666666667,6,201854,39.10097,54.52315,"NA"
"349",2018-01-15,76411,326392,25470.3333333333,108797.333333333,3,148596,39.29245,54.54089,"NA"
"350",2018-01-16,195240,830412,21693.3333333333,92268,9,142943,39.78146,54.27212,"NA"
"351",2018-01-17,87395,389956,17479,77991.2,5,124140,40.20608,54.29126,"NA"
"352",2018-01-18,297061,1257068,24755.0833333333,104755.666666667,12,219551,39.75453,54.85685,"NA"
"353",2018-01-19,116626,495865,19437.6666666667,82644.1666666667,6,157233,39.47084,55.4662,"NA"
"354",2018-01-20,304624,1175630,38078,146953.75,8,263435,39.47084,55.4662,"90"
"355",2018-01-21,86128,380500,28709.3333333333,126833.333333333,3,226759,39.11164,55.66471,"NA"
"356",2018-01-22,101355,462655,25338.75,115663.75,4,165876,38.66162,56.06828,"NA"
"357",2018-01-23,139699,612584,23283.1666666667,102097.333333333,6,171920,38.35379,56.41224,"NA"
"358",2018-01-24,138842,609215,27768.4,121843,5,192148,39.18694,55.91165,"NA"
"359",2018-01-25,77666,386902,19416.5,96725.5,4,181617,39.04172,55.95849,"NA"
"360",2018-01-26,105516,512832,15073.7142857143,73261.7142857143,7,145864,38.82256,56.24937,"NA"
"361",2018-01-27,77434,346496,25811.3333333333,115498.666666667,3,153540,38.82256,56.24937,"NA"
"362",2018-01-28,189470,773545,47367.5,193386.25,4,304611,38.82256,56.24937,"95"
"363",2018-01-29,16431,84209,16431,84209,1,100640,38.78343,56.26638,"NA"
"364",2018-01-30,NA,NA,NA,NA,0,0,38.99561,55.81257,NA
"365",2018-01-31,22023,109076,22023,109076,1,131099,39.52642,54.93532,"NA"
"366",2018-02-01,95767,446403,31922.3333333333,148801,3,222174,39.77913,54.69682,"NA"
"367",2018-02-02,181394,682308,30232.3333333333,113718,6,214077,40.19921,54.20677,"NA"
"368",2018-02-03,74274,298539,37137,149269.5,2,191622,40.20801,54.20181,"NA"
"369",2018-02-04,126190,539543,31547.5,134885.75,4,167724,40.20801,54.20181,"NA"
"370",2018-02-05,221341,946465,31620.1428571429,135209.285714286,7,248682,40.37448,54.16125,"90"
"371",2018-02-06,124809,506326,24961.8,101265.2,5,179114,40.13234,54.1513,"NA"
"372",2018-02-07,176035,845767,25147.8571428571,120823.857142857,7,214777,40.71095,53.78003,"NA"
"373",2018-02-08,115865,501714,23173,100342.8,5,141126,40.81161,53.61358,"NA"
"374",2018-02-09,116888,458842,29222,114710.5,4,167854,40.83043,53.56587,"NA"
"375",2018-02-10,245423,925283,27269.2222222222,102809.222222222,9,174261,40.83043,53.56587,"NA"
"376",2018-02-11,95311,424127,23827.75,106031.75,4,154996,40.83043,53.56587,"NA"
"377",2018-02-12,61687,294353,20562.3333333333,98117.6666666667,3,169918,40.91967,53.57592,"NA"
"378",2018-02-13,45562,213186,22781,106593,2,129849,40.98163,53.64082,"NA"
"379",2018-02-14,85537,407809,21384.25,101952.25,4,213811,41.42786,53.14172,"NA"
"380",2018-02-15,109988,467088,18331.3333333333,77848,6,121618,41.45908,53.24955,"NA"
"381",2018-02-16,78785,358577,26261.6666666667,119525.666666667,3,178337,41.3879,53.14198,"NA"
"382",2018-02-17,173854,724984,21731.75,90623,8,155180,41.3879,53.14198,"NA"
"383",2018-02-18,290382,1168600,26398.3636363636,106236.363636364,11,186139,41.3879,53.14198,"NA"
"384",2018-02-19,80599,389212,26866.3333333333,129737.333333333,3,188045,41.14141,53.41457,"NA"
"385",2018-02-20,223349,1004515,17180.6923076923,77270.3846153846,13,145939,40.9889,53.43631,"NA"
"386",2018-02-21,161983,719616,20247.875,89952,8,180008,40.54642,54.18967,"NA"
"387",2018-02-22,239733,1098311,23973.3,109831.1,10,222364,40.57474,53.90281,"NA"
"388",2018-02-23,187313,850041,18731.3,85004.1,10,154173,40.01941,54.44614,"NA"
"389",2018-02-24,190833,755466,21203.6666666667,83940.6666666667,9,125538,40.01941,54.44614,"NA"
"390",2018-02-25,28292,127341,14146,63670.5,2,96811,39.07833,55.58106,"NA"
"391",2018-02-26,NA,NA,NA,NA,0,0,39.37048,55.20858,NA
"392",2018-02-27,153226,602597,19153.25,75324.625,8,135933,39.63747,54.95428,"NA"
"393",2018-02-28,194512,839764,19451.2,83976.4,10,133542,40.03228,54.5688,"NA"
"394",2018-03-01,89162,390520,14860.3333333333,65086.6666666667,6,126630,40.59626,54.11998,"NA"
"395",2018-03-02,189529,897595,17229.9090909091,81599.5454545455,11,170063,40.41828,54.26653,"NA"
"396",2018-03-03,104398,424324,26099.5,106081,4,161247,40.41828,54.26653,"NA"
"397",2018-03-04,19948,102246,19948,102246,1,122194,40.41828,54.26653,"NA"
"398",2018-03-05,150621,615403,25103.5,102567.166666667,6,170515,40.38741,54.30457,"NA"
"399",2018-03-06,171119,684378,24445.5714285714,97768.2857142857,7,273052,40.47234,53.97641,"95"
"400",2018-03-07,98875,438002,16479.1666666667,73000.3333333333,6,163665,40.2174,54.10192,"NA"
"401",2018-03-08,61735,295728,12347,59145.6,5,111570,40.62883,53.62344,"NA"
"402",2018-03-09,105923,431829,21184.6,86365.8,5,218364,40.67968,53.42613,"NA"
"403",2018-03-10,186187,863178,16926.0909090909,78470.7272727273,11,152631,40.67968,53.42613,"NA"
"404",2018-03-11,127646,526528,21274.3333333333,87754.6666666667,6,130966,40.67968,53.42613,"NA"
"405",2018-03-12,89686,410696,14947.6666666667,68449.3333333333,6,98758,40.65869,53.42641,"NA"
"406",2018-03-13,202419,751942,25302.375,93992.75,8,205880,40.52831,53.88568,"NA"
"407",2018-03-14,159019,728634,15901.9,72863.4,10,116544,40.42437,53.99303,"NA"
"408",2018-03-15,79337,397425,15867.4,79485,5,127453,40.46296,53.65602,"NA"
"409",2018-03-16,65163,311132,16290.75,77783,4,135992,40.24184,53.87739,"NA"
"410",2018-03-17,136343,518836,34085.75,129709,4,213229,40.24184,53.87739,"NA"
"411",2018-03-18,122075,462799,30518.75,115699.75,4,161867,40.5158,53.84089,"NA"
"412",2018-03-19,32786,161119,16393,80559.5,2,135788,40.73995,53.55711,"NA"
"413",2018-03-20,55996,240132,27998,120066,2,174895,40.73125,53.52146,"NA"
"414",2018-03-21,132148,582816,18878.2857142857,83259.4285714286,7,163672,40.58772,53.42529,"NA"
"415",2018-03-22,190031,758965,27147.2857142857,108423.571428571,7,333875,40.63551,53.40972,"95"
"416",2018-03-23,120938,507029,20156.3333333333,84504.8333333333,6,192961,40.67521,53.18119,"NA"
"417",2018-03-24,15760,83062,15760,83062,1,98822,40.41634,53.52802,"NA"
"418",2018-03-25,129175,546842,18453.5714285714,78120.2857142857,7,148866,40.74137,53.48326,"NA"
"419",2018-03-26,83578,376902,20894.5,94225.5,4,161224,41.09504,53.39474,"NA"
"420",2018-03-27,36577,172793,18288.5,86396.5,2,125717,40.46638,53.6646,"NA"
"421",2018-03-28,223046,891753,24782.8888888889,99083.6666666667,9,253266,40.19111,53.63828,"90"
"422",2018-03-29,95370,385470,23842.5,96367.5,4,163929,40.21669,53.6349,"NA"
"423",2018-03-30,25486,88218,25486,88218,1,113704,40.54322,53.42228,"NA"
"424",2018-03-31,76844,270676,25614.6666666667,90225.3333333333,3,130944,40.54322,53.42228,"NA"
"425",2018-04-01,132356,554641,33089,138660.25,4,251030,40.54322,53.42228,"90"
"426",2018-04-02,168142,682482,18682.4444444444,75831.3333333333,9,114112,40.62948,53.48064,"NA"
"427",2018-04-03,270461,1119301,20804.6923076923,86100.0769230769,13,133887,40.39435,53.6718,"NA"
"428",2018-04-04,141319,594466,23553.1666666667,99077.6666666667,6,181659,40.30183,53.75499,"NA"
"429",2018-04-05,71788,307586,17947,76896.5,4,118274,40.22276,53.80377,"NA"
"430",2018-04-06,121353,475764,20225.5,79294,6,126670,39.96867,53.99965,"NA"
"431",2018-04-07,138593,601643,23098.8333333333,100273.833333333,6,160623,39.96867,53.99965,"NA"
"432",2018-04-08,158330,607095,19791.25,75886.875,8,135044,39.96867,53.99965,"NA"
"433",2018-04-09,97317,427108,24329.25,106777,4,223507,40.23806,53.8853,"NA"
"434",2018-04-10,122665,526807,20444.1666666667,87801.1666666667,6,153973,40.60616,53.35361,"NA"
"435",2018-04-11,223102,834545,22310.2,83454.5,10,240181,40.6097,53.29696,"90"
"436",2018-04-12,158050,731790,15805,73179,10,139592,40.63083,53.26645,"NA"
"437",2018-04-13,170579,695656,28429.8333333333,115942.666666667,6,178384,40.77415,53.20907,"NA"
"438",2018-04-14,110611,464572,36870.3333333333,154857.333333333,3,243650,40.77415,53.20907,"90"
"439",2018-04-15,204524,871638,25565.5,108954.75,8,171302,40.59587,53.78901,"NA"
"440",2018-04-16,50450,210377,25225,105188.5,2,141525,40.70876,53.57156,"NA"
"441",2018-04-17,153933,735123,15393.3,73512.3,10,149344,40.59293,53.83203,"NA"
"442",2018-04-18,214752,907822,17896,75651.8333333333,12,144429,40.16125,54.26796,"NA"
"443",2018-04-19,224991,931731,17307,71671.6153846154,13,123550,40.21317,54.22119,"NA"
"444",2018-04-20,248377,994577,27597.4444444444,110508.555555556,9,233703,40.28197,54.28614,"90"
"445",2018-04-21,262521,1144180,15442.4117647059,67304.7058823529,17,175019,40.28197,54.28614,"NA"
"446",2018-04-22,176152,795471,22019,99433.875,8,149878,40.28197,54.28614,"NA"
"447",2018-04-23,106651,453486,26662.75,113371.5,4,186044,40.16019,54.26084,"NA"
"448",2018-04-24,89468,410230,11183.5,51278.75,8,114586,40.34375,53.9503,"NA"
"449",2018-04-25,238457,960603,39742.8333333333,160100.5,6,470621,40.51619,53.66458,"99"
"450",2018-04-26,48273,258179,16091,86059.6666666667,3,122144,40.59169,53.74832,"NA"
"451",2018-04-27,218026,929579,24225.1111111111,103286.555555556,9,180452,40.59867,53.73807,"NA"
"452",2018-04-28,193636,795085,21515.1111111111,88342.7777777778,9,174913,40.37253,53.95501,"NA"
"453",2018-04-29,67057,340415,22352.3333333333,113471.666666667,3,172607,40.37253,53.95501,"NA"
"454",2018-04-30,218185,985208,21818.5,98520.8,10,142865,40.64146,53.66854,"NA"
"455",2018-05-01,124337,580549,17762.4285714286,82935.5714285714,7,153124,41.21312,52.94305,"NA"
"456",2018-05-02,157788,631545,22541.1428571429,90220.7142857143,7,146975,41.15172,52.91795,"NA"
"457",2018-05-03,153318,711041,17035.3333333333,79004.5555555556,9,130162,41.31839,52.53112,"NA"
"458",2018-05-04,210353,928011,21035.3,92801.1,10,168742,41.41713,52.48483,"NA"
"459",2018-05-05,61787,306866,15446.75,76716.5,4,115890,42.0897,52.03342,"NA"
"460",2018-05-06,NA,NA,NA,NA,0,0,42.0897,52.03342,NA
"461",2018-05-07,235065,956880,21369.5454545455,86989.0909090909,11,151472,42.01726,51.94051,"NA"
"462",2018-05-08,123606,502823,24721.2,100564.6,5,171885,41.90759,52.25288,"NA"
"463",2018-05-09,211747,913703,26468.375,114212.875,8,213965,41.8737,51.90628,"NA"
"464",2018-05-10,227736,934211,45547.2,186842.2,5,370674,41.96571,52.03023,"95"
"465",2018-05-11,114460,503300,22892,100660,5,176820,42.02566,51.97548,"NA"
"466",2018-05-12,94021,390742,31340.3333333333,130247.333333333,3,197328,42.12308,52.04174,"NA"
"467",2018-05-13,95119,442350,23779.75,110587.5,4,161966,42.12308,52.04174,"NA"
"468",2018-05-14,159273,783166,22753.2857142857,111880.857142857,7,199138,42.09991,52.39321,"NA"
"469",2018-05-15,121789,605932,17398.4285714286,86561.7142857143,7,180460,42.32984,52.35731,"NA"
"470",2018-05-16,126337,602454,12633.7,60245.4,10,104328,42.14801,52.41426,"NA"
"471",2018-05-17,196253,841319,19625.3,84131.9,10,169541,42.26259,52.27131,"NA"
"472",2018-05-18,222108,907490,22210.8,90749,10,204275,42.38191,52.34803,"NA"
"473",2018-05-19,78453,368704,19613.25,92176,4,183274,42.38191,52.34803,"NA"
"474",2018-05-20,241445,892848,30180.625,111606,8,237690,42.38191,52.34803,"90"
"475",2018-05-21,203820,838009,20382,83800.9,10,147308,42.01738,52.68593,"NA"
"476",2018-05-22,24739,124729,12369.5,62364.5,2,82177,42.2518,52.59256,"NA"
"477",2018-05-23,310953,1245471,18291.3529411765,73263,17,149244,42.15873,52.63732,"NA"
"478",2018-05-24,159465,621280,17718.3333333333,69031.1111111111,9,157132,42.22643,52.69279,"NA"
"479",2018-05-25,NA,NA,NA,NA,0,0,42.25806,52.62941,NA
"480",2018-05-26,NA,NA,NA,NA,0,0,42.70038,52.33014,NA
"481",2018-05-27,NA,NA,NA,NA,0,0,42.70038,52.33014,NA
"482",2018-05-28,NA,NA,NA,NA,0,0,42.58736,52.37592,NA
"483",2018-05-29,NA,NA,NA,NA,0,0,42.40171,52.54118,NA
"484",2018-05-30,NA,NA,NA,NA,0,0,42.29955,52.50706,NA
"485",2018-05-31,NA,NA,NA,NA,0,0,41.64616,52.86674,NA
"486",2018-06-01,NA,NA,NA,NA,0,0,41.61631,52.77813,NA
"487",2018-06-02,NA,NA,NA,NA,0,0,41.60918,52.67281,NA
"488",2018-06-03,NA,NA,NA,NA,0,0,41.60918,52.67281,NA
"489",2018-06-04,NA,NA,NA,NA,0,0,41.60794,52.91071,NA
"490",2018-06-05,NA,NA,NA,NA,0,0,41.41488,52.99069,NA
"491",2018-06-06,NA,NA,NA,NA,0,0,41.31416,52.56133,NA
"492",2018-06-07,NA,NA,NA,NA,0,0,41.86653,52.44299,NA
"493",2018-06-08,NA,NA,NA,NA,0,0,41.77634,52.53764,NA
"494",2018-06-09,NA,NA,NA,NA,0,0,41.62884,52.64178,NA
"495",2018-06-10,NA,NA,NA,NA,0,0,41.62884,52.64178,NA
"496",2018-06-11,NA,NA,NA,NA,0,0,41.50231,52.72633,NA
"497",2018-06-12,NA,NA,NA,NA,0,0,41.56427,52.58851,NA
"498",2018-06-13,NA,NA,NA,NA,0,0,41.43065,52.53515,NA
"499",2018-06-14,NA,NA,NA,NA,0,0,41.79745,51.69241,NA
"500",2018-06-15,NA,NA,NA,NA,0,0,42.0946,51.81807,NA
"501",2018-06-16,NA,NA,NA,NA,0,0,42.0946,51.81807,NA
"502",2018-06-17,NA,NA,NA,NA,0,0,42.0946,51.81807,NA
"503",2018-06-18,NA,NA,NA,NA,0,0,42.23578,51.61955,NA
"504",2018-06-19,NA,NA,NA,NA,0,0,42.30142,51.53254,NA
"505",2018-06-20,NA,NA,NA,NA,0,0,42.51168,51.4082,NA
"506",2018-06-21,138029,584514,23004.8333333333,97419,6,200985,42.56531,51.34674,"NA"
"507",2018-06-22,279112,1073419,21470.1538461538,82570.6923076923,13,138407,42.37092,51.61048,"NA"
"508",2018-06-23,255793,1128447,17052.8666666667,75229.8,15,186523,42.37092,51.61048,"NA"
"509",2018-06-24,141530,559964,28306,111992.8,5,154759,42.49755,51.60103,"NA"
"510",2018-06-25,371164,1508597,21833.1764705882,88741,17,182024,42.29508,51.5812,"NA"
"511",2018-06-26,201960,898738,18360,81703.4545454545,11,202904,42.19255,51.68388,"NA"
"512",2018-06-27,250039,1226414,15627.4375,76650.875,16,193458,41.87872,52.31686,"NA"
"513",2018-06-28,241101,1082287,17221.5,77306.2142857143,14,116083,41.89148,52.20862,"NA"
"514",2018-06-29,45578,218071,15192.6666666667,72690.3333333333,3,103072,41.75614,52.33812,"NA"
"515",2018-06-30,232392,975730,25821.3333333333,108414.444444444,9,196557,41.75614,52.33812,"NA"
"516",2018-07-01,65373,310449,21791,103483,3,164221,41.79801,52.26242,"NA"
"517",2018-07-02,80201,280050,40100.5,140025,2,279645,42.00296,52.19925,"95"
"518",2018-07-03,319026,1418567,16790.8421052632,74661.4210526316,19,139033,41.83677,52.58812,"NA"
"519",2018-07-04,115888,514415,28972,128603.75,4,273857,41.83677,52.58812,"95"
"520",2018-07-05,125223,583909,20870.5,97318.1666666667,6,219372,41.8582,52.66431,"NA"
"521",2018-07-06,154701,677577,25783.5,112929.5,6,186353,42.24339,52.88004,"NA"
"522",2018-07-07,114618,487293,22923.6,97458.6,5,166394,42.24339,52.88004,"NA"
"523",2018-07-08,204546,723871,51136.5,180967.75,4,426332,42.20303,52.9597,"99"
"524",2018-07-09,141360,632597,20194.2857142857,90371,7,141613,42.13817,52.8242,"NA"
"525",2018-07-10,237086,1082277,21553.2727272727,98388.8181818182,11,226168,41.86861,52.97057,"NA"
"526",2018-07-11,189677,789282,18967.7,78928.2,10,149200,41.96289,52.88639,"NA"
"527",2018-07-12,144839,623913,18104.875,77989.125,8,129392,42.28969,52.74878,"NA"
"528",2018-07-13,54000,248006,18000,82668.6666666667,3,125561,42.06443,52.90168,"NA"
"529",2018-07-14,218022,894737,21802.2,89473.7,10,188641,42.03181,53.00668,"NA"
"530",2018-07-15,108913,502021,21782.6,100404.2,5,188581,42.03181,53.00668,"NA"
"531",2018-07-16,223411,952125,22341.1,95212.5,10,169280,42.12241,52.81279,"NA"
"532",2018-07-17,102592,460260,20518.4,92052,5,148453,42.0509,52.66814,"NA"
"533",2018-07-18,286504,1215656,22038.7692307692,93512,13,163512,41.76017,52.83702,"NA"
"534",2018-07-19,266619,1047608,20509.1538461538,80585.2307692308,13,156370,41.78589,52.8283,"NA"
"535",2018-07-20,153441,657837,21920.1428571429,93976.7142857143,7,190247,41.78527,52.74246,"NA"
"536",2018-07-21,136708,542135,22784.6666666667,90355.8333333333,6,220718,41.71679,52.87256,"NA"
"537",2018-07-22,196380,759034,24547.5,94879.25,8,197856,41.9939,52.81791,"NA"
"538",2018-07-23,304863,1131195,30486.3,113119.5,10,439982,41.7831,52.85764,"99"
"539",2018-07-24,232396,1035950,16599.7142857143,73996.4285714286,14,167495,41.37473,53.35511,"NA"
"540",2018-07-25,287847,1214308,19189.8,80953.8666666667,15,152941,41.33853,53.03458,"NA"
"541",2018-07-26,218791,920003,19890.0909090909,83636.6363636364,11,209934,41.2835,53.02335,"NA"
"542",2018-07-27,293091,1237571,18318.1875,77348.1875,16,147984,41.47915,52.99194,"NA"
"543",2018-07-28,68750,259770,22916.6666666667,86590,3,148970,41.47915,52.99194,"NA"
"544",2018-07-29,314142,1237837,22438.7142857143,88416.9285714286,14,170692,41.20658,53.16719,"NA"
"545",2018-07-30,156683,710938,14243.9090909091,64630.7272727273,11,145980,41.30453,52.9963,"NA"
"546",2018-07-31,300520,1236060,18782.5,77253.75,16,146561,41.41338,52.85781,"NA"
"547",2018-08-01,223710,880210,17208.4615384615,67708.4615384615,13,121996,41.299,52.90955,"NA"
"548",2018-08-02,220285,981003,18357.0833333333,81750.25,12,180216,41.43415,52.81184,"NA"
"549",2018-08-03,143118,635115,15902,70568.3333333333,9,121469,41.43453,52.80482,"NA"
"550",2018-08-04,247267,1042484,19020.5384615385,80191.0769230769,13,229694,41.43453,52.80482,"NA"
"551",2018-08-05,235925,987660,21447.7272727273,89787.2727272727,11,164812,41.43453,52.80482,"NA"
"552",2018-08-06,163937,636513,18215.2222222222,70723.6666666667,9,119859,41.46711,52.72193,"NA"
"553",2018-08-07,76349,296576,25449.6666666667,98858.6666666667,3,174147,41.45063,52.666,"NA"
"554",2018-08-08,214512,989070,21451.2,98907,10,188902,41.71214,52.45969,"NA"
"555",2018-08-09,145239,550573,24206.5,91762.1666666667,6,182897,41.91957,52.39185,"NA"
"556",2018-08-10,226036,950651,28254.5,118831.375,8,205178,41.9125,52.49004,"NA"
"557",2018-08-11,209010,836080,23223.3333333333,92897.7777777778,9,188514,41.9125,52.49004,"NA"
"558",2018-08-12,121375,478210,24275,95642,5,140692,41.9125,52.49004,"NA"
"559",2018-08-13,208982,930627,17415.1666666667,77552.25,12,143829,41.81873,52.54657,"NA"
"560",2018-08-14,308911,1263504,18171.2352941176,74323.7647058823,17,162346,42.20527,52.3893,"NA"
"561",2018-08-15,234672,975654,14667,60978.375,16,118165,42.05485,52.44334,"NA"
"562",2018-08-16,396156,1530226,23303.2941176471,90013.2941176471,17,175236,42.11238,52.43953,"NA"
"563",2018-08-17,339040,1368823,18835.5555555556,76045.7222222222,18,140536,41.97367,52.54111,"NA"
"564",2018-08-18,322494,1264193,21499.6,84279.5333333333,15,198232,41.97367,52.54111,"NA"
"565",2018-08-19,141275,554043,23545.8333333333,92340.5,6,146355,41.97367,52.54111,"NA"
"566",2018-08-20,205720,784142,22857.7777777778,87126.8888888889,9,144891,42.2604,52.33932,"NA"
"567",2018-08-21,241703,1005747,18592.5384615385,77365.1538461538,13,137168,41.77507,52.78539,"NA"
"568",2018-08-22,238969,997856,18382.2307692308,76758.1538461538,13,188419,42.12536,52.91469,"NA"
"569",2018-08-23,213176,855599,17764.6666666667,71299.9166666667,12,192677,42.08969,52.9692,"NA"
"570",2018-08-24,272617,1047374,22718.0833333333,87281.1666666667,12,237827,41.46597,53.56819,"90"
"571",2018-08-25,288615,1176817,22201.1538461538,90524.3846153846,13,195657,41.46597,53.56819,"NA"
"572",2018-08-26,109823,517759,27455.75,129439.75,4,259275,41.88652,53.37158,"90"
"573",2018-08-27,205850,882557,22872.2222222222,98061.8888888889,9,224981,41.86845,53.38425,"NA"
"574",2018-08-28,201342,754857,20134.2,75485.7,10,149537,41.37738,53.63121,"NA"
"575",2018-08-29,520434,1998621,21684.75,83275.875,24,187268,41.44618,53.62854,"NA"
"576",2018-08-30,370057,1443981,20558.7222222222,80221.1666666667,18,162767,41.50489,53.53966,"NA"
"577",2018-08-31,94609,385222,23652.25,96305.5,4,155014,40.25376,54.46505,"NA"
"578",2018-09-01,324735,1336074,19102.0588235294,78592.5882352941,17,223663,40.25376,54.46505,"NA"
"579",2018-09-02,145841,599569,24306.8333333333,99928.1666666667,6,170143,40.25376,54.46505,"NA"
"580",2018-09-03,199430,842187,19943,84218.7,10,152501,40.05969,54.12732,"NA"
"581",2018-09-04,210221,807547,17518.4166666667,67295.5833333333,12,130377,40.05544,54.1169,"NA"
"582",2018-09-05,319878,1265973,21325.2,84398.2,15,155354,39.89795,53.72744,"NA"
"583",2018-09-06,203138,812107,25392.25,101513.375,8,256426,40.18283,53.62342,"90"
"584",2018-09-07,191322,822622,21258,91402.4444444444,9,181709,40.32932,53.55642,"NA"
"585",2018-09-08,100549,420982,20109.8,84196.4,5,140827,40.57383,53.42497,"NA"
"586",2018-09-09,297132,1213490,21223.7142857143,86677.8571428571,14,165824,40.57383,53.42497,"NA"
"587",2018-09-10,329613,1268059,20600.8125,79253.6875,16,195036,39.95338,53.70799,"NA"
"588",2018-09-11,179007,725257,17900.7,72525.7,10,141283,39.99632,53.50335,"NA"
"589",2018-09-12,212875,872572,16375,67120.9230769231,13,138056,39.87929,53.65907,"NA"
"590",2018-09-13,181840,736077,15153.3333333333,61339.75,12,112121,39.86902,53.7475,"NA"
"591",2018-09-14,114951,455580,19158.5,75930,6,163693,39.9229,53.69741,"NA"
"592",2018-09-15,232461,936083,16604.3571428571,66863.0714285714,14,147817,40.15711,53.61845,"NA"
"593",2018-09-16,124632,504520,17804.5714285714,72074.2857142857,7,128060,40.15711,53.61845,"NA"
"594",2018-09-17,215387,827361,17948.9166666667,68946.75,12,133689,40.14128,53.67366,"NA"
"595",2018-09-18,194386,818476,16198.8333333333,68206.3333333333,12,106832,40.37808,53.78665,"NA"
"596",2018-09-19,177863,756160,19762.5555555556,84017.7777777778,9,150664,40.34524,53.80382,"NA"
"597",2018-09-20,228202,927658,16300.1428571429,66261.2857142857,14,147465,40.45973,53.64421,"NA"
"598",2018-09-21,248980,1019015,15561.25,63688.4375,16,145585,40.48059,53.84317,"NA"
"599",2018-09-22,105834,457517,17639,76252.8333333333,6,127413,40.61161,53.78769,"NA"
"600",2018-09-23,53734,289361,17911.3333333333,96453.6666666667,3,122477,41.2412,53.47976,"NA"
"601",2018-09-24,89217,391819,11152.125,48977.375,8,108100,41.29663,53.41055,"NA"
"602",2018-09-25,245495,1012164,16366.3333333333,67477.6,15,148333,41.39958,53.18158,"NA"
"603",2018-09-26,194766,784165,21640.6666666667,87129.4444444444,9,177027,41.37306,52.78449,"NA"
"604",2018-09-27,86383,325730,86383,325730,1,412113,41.3852,52.81038,"99"
"605",2018-09-28,NA,NA,NA,NA,0,0,41.47449,52.75343,NA
"606",2018-09-29,102741,401355,34247,133785,3,222639,41.51086,52.66348,"NA"
"607",2018-09-30,200602,817839,33433.6666666667,136306.5,6,271797,41.51086,52.66348,"90"
"608",2018-10-01,80699,385093,16139.8,77018.6,5,159946,41.77248,52.67857,"NA"
"609",2018-10-02,184240,825684,18424,82568.4,10,215124,41.82192,52.4287,"NA"
"610",2018-10-03,223829,987521,14921.9333333333,65834.7333333333,15,130438,41.87678,52.6498,"NA"
"611",2018-10-04,252178,1074546,22925.2727272727,97686,11,195756,42.12016,52.42305,"NA"
"612",2018-10-05,164829,691680,32965.8,138336,5,240352,42.17231,52.17771,"90"
"613",2018-10-06,173350,771438,34670,154287.6,5,325240,42.37732,52.0429,"95"
"614",2018-10-07,118290,457642,29572.5,114410.5,4,295771,42.32673,52.20658,"95"
"615",2018-10-08,109432,469660,13679,58707.5,8,95413,42.4774,51.96074,"NA"
"616",2018-10-09,151153,632499,13741.1818181818,57499.9090909091,11,119726,42.03722,52.18724,"NA"
"617",2018-10-10,118702,505157,14837.75,63144.625,8,118807,41.70533,52.55905,"NA"
"618",2018-10-11,100682,438663,12585.25,54832.875,8,116341,41.82181,52.53425,"NA"
"619",2018-10-12,169076,763244,15370.5454545455,69385.8181818182,11,153297,41.77359,52.5428,"NA"
"620",2018-10-13,163396,703985,16339.6,70398.5,10,125510,41.79047,52.60779,"NA"
"621",2018-10-14,141566,672308,15729.5555555556,74700.8888888889,9,149617,41.77902,52.59402,"NA"
"622",2018-10-15,131611,579061,18801.5714285714,82723,7,146406,42.02434,52.23667,"NA"
"623",2018-10-16,355728,1398637,20925.1764705882,82272.7647058823,17,187042,41.9318,52.3923,"NA"
"624",2018-10-17,357872,1450624,17893.6,72531.2,20,214012,42.62228,52.11006,"NA"
"625",2018-10-18,265375,979730,18955.3571428571,69980.7142857143,14,190759,42.59281,52.1712,"NA"
"626",2018-10-19,230017,849253,20910.6363636364,77204.8181818182,11,128527,42.21207,52.37615,"NA"
"627",2018-10-20,207863,810954,17321.9166666667,67579.5,12,142729,42.26097,52.45376,"NA"
"628",2018-10-21,191555,735974,31925.8333333333,122662.333333333,6,232415,42.6729,52.16442,"90"
"629",2018-10-22,289252,1077219,20660.8571428571,76944.2142857143,14,181031,43.10784,52.00527,"NA"
"630",2018-10-23,280990,1004264,20070.7142857143,71733.1428571429,14,312449,43.0744,51.99219,"95"
"631",2018-10-24,170091,671288,24298.7142857143,95898.2857142857,7,165007,42.80265,51.95629,"NA"
"632",2018-10-25,320623,1237305,17812.3888888889,68739.1666666667,18,231791,42.76526,52.18877,"NA"
"633",2018-10-26,270759,1024923,24614.4545454545,93174.8181818182,11,185263,42.39629,52.47439,"NA"
"634",2018-10-27,219315,857194,16870.3846153846,65938,13,128080,42.44626,52.47462,"NA"
"635",2018-10-28,97937,395836,24484.25,98959,4,186148,42.44081,52.48666,"NA"
"636",2018-10-29,281744,1033253,40249.1428571429,147607.571428571,7,434585,42.3738,52.91662,"99"
"637",2018-10-30,332508,1180151,15114,53643.2272727273,22,156529,42.2276,53.07038,"NA"
"638",2018-10-31,328023,1160462,21868.2,77364.1333333333,15,160687,42.00508,53.32474,"NA"
"639",2018-11-01,160719,614516,16071.9,61451.6,10,123130,41.9981,53.16946,"NA"
"640",2018-11-02,210041,770802,21004.1,77080.2,10,265407,42.10896,52.9453,"90"
"641",2018-11-03,333309,1226075,16665.45,61303.75,20,200200,42.15896,52.83494,"NA"
"642",2018-11-04,148292,569916,16476.8888888889,63324,9,139905,42.22689,52.63494,"NA"
"643",2018-11-05,304096,1071067,19006,66941.6875,16,167483,41.86553,52.81537,"NA"
"644",2018-11-06,199313,780972,13287.5333333333,52064.8,15,119226,41.81629,52.81863,"NA"
"645",2018-11-07,353279,1623362,25234.2142857143,115954.428571429,14,303271,41.9674,52.43216,"95"
"646",2018-11-08,44885,222234,22442.5,111117,2,152365,42.04834,52.39137,"NA"
"647",2018-11-09,401536,1402287,33461.3333333333,116857.25,12,218268,42.16344,52.48321,"NA"
"648",2018-11-10,203830,925036,22647.7777777778,102781.777777778,9,166100,42.16344,52.48321,"NA"
"649",2018-11-11,86040,391498,21510,97874.5,4,133665,42.16344,52.48321,"NA"
"650",2018-11-12,199182,848635,22131.3333333333,94292.7777777778,9,155328,41.8031,52.6801,"NA"
"651",2018-11-13,342104,1342972,24436,95926.5714285714,14,198188,41.75856,52.76469,"NA"
"652",2018-11-14,87410,400856,17482,80171.2,5,123511,42.01041,52.67213,"NA"
"653",2018-11-15,212287,833719,23587.4444444444,92635.4444444444,9,144740,42.42001,53.02117,"NA"
